Model,Mean Squared Error,R-squared
Linear Regression,4.899192600324089,-0.016989490810566332
Random Forest,5.077304660233334,-0.05396254083973684
Support Vector Regressor,4.937407129384972,-0.024922180464086452
